Substance,EDGAR Country Code,Country,1990,1991,1992,1993,1994,1995,1996,1997,1998,1999,2000,2001,2002,2003,2004,2005,2006,2007,2008,2009,2010,2011,2012,2013,2014,2015,2016,2017,2018,2019,2020,2021
CO2,ABW,Aruba,0.259123333,0.28372731,0.311032992,0.278271479,0.281836186,0.295495121,0.195167926,0.278504912,0.273456611,0.285117305,0.284292542,0.280362552,0.28851704,0.369697548,0.35787183,0.36993601,0.355542044,0.352821598,0.325951013,0.397399706,0.394735608,0.363039739,0.468715389,0.432302757,0.439750471,0.422637496,0.406351541,0.321007302,0.32473437,0.341387594,0.3625434,0.345604683
CO2,AFG,Afghanistan,0.095004747,0.101842556,0.061179267,0.078182533,0.096175717,0.056922466,0.058904833,0.061363796,0.064785458,0.06596345,0.057726591,0.05630269,0.036637485,0.036510166,0.032253757,0.039868836,0.042300118,0.051697172,0.098884,0.133468942,0.141573125,0.207789613,0.158299738,0.124223969,0.114260096,0.117480498,0.104910126,0.109022155,0.120462262,0.102889127,0.106682959,0.108820226
CO2,AGO,Angola,0.165579526,0.171976691,0.187961689,0.247614502,0.231431594,0.226841113,0.241661076,0.235663621,0.233800229,0.242110699,0.215248312,0.202578061,0.175402113,0.18532206,0.170532859,0.132942328,0.124836314,0.1128477,0.114774546,0.12442401,0.127847187,0.128351073,0.119848904,0.131360822,0.136966358,0.145446866,0.140584432,0.119868822,0.111792729,0.118560675,0.114215061,0.120279818
CO2,AIA,Anguilla,0.024680956,0.039791666,0.031376971,0.038098064,0.048945208,0.060946604,0.062494926,0.052570904,0.041937442,0.03647135,0.050718093,0.052435065,0.040235823,0.04416926,0.037246688,0.03127561,0.027683519,0.022593134,0.027723008,0.051150812,0.062891218,0.068222725,0.073785147,0.092105227,0.096759509,0.11221412,0.125609323,0.14855479,0.187721953,0.122208121,0.10773125,0.120165705
CO2,AIR,International Aviation,,,,,,,,,,,,,,,,,,,,,,,,,,,,,,,,
CO2,ALB,Albania,0.419371667,0.38849172,0.228264017,0.195860196,0.189777084,0.148155371,0.135122942,0.117564676,0.129702349,0.183880537,0.179843791,0.176663707,0.196130949,0.195258981,0.193987928,0.174016348,0.162786127,0.157624587,0.145112032,0.143549122,0.147442685,0.156174233,0.140465014,0.146277421,0.153386405,0.143669308,0.130669419,0.145705424,0.139238659,0.129298628,0.125143802,0.112456469
CO2,ANT,Curaçao,0.94046455,0.952593256,0.976411668,0.791876313,0.865939311,0.841784674,0.822598998,1.548295368,1.53853604,1.460972043,1.480520834,1.500764842,1.430499538,1.430620568,1.490768317,1.561249427,1.512379583,1.603312045,1.552981566,1.463764213,1.083446494,1.380070548,1.246621557,1.147737399,1.303708973,1.313077047,1.13464302,0.91857933,0.746326026,0.593438685,0.602704786,0.669930394
CO2,ARE,United Arab Emirates,0.279220443,0.314926802,0.294373724,0.306513904,0.315709633,0.315655069,0.311819266,0.300373081,0.307251221,0.307872158,0.275574259,0.311118806,0.310549134,0.300042045,0.289455846,0.29391645,0.277971746,0.290495226,0.337060597,0.358115156,0.366545263,0.351351155,0.354640878,0.354917069,0.342754939,0.343710486,0.341403702,0.327409973,0.291358386,0.298796425,0.302429557,0.302139359
CO2,ARG,Argentina,0.218180215,0.210533937,0.199360791,0.190676884,0.186174482,0.195142745,0.202022109,0.193370621,0.195558755,0.205917301,0.203034311,0.203847258,0.215216462,0.219540728,0.223181554,0.210025969,0.205883074,0.199621963,0.197967674,0.193735357,0.188603756,0.186809991,0.19052468,0.192236208,0.195002786,0.193174828,0.195266616,0.186906447,0.189734187,0.184719852,0.192348677,0.1918403
CO2,ARM,Armenia,1.129504492,1.332332087,1.168397237,0.603035918,0.318536204,0.373899926,0.261153245,0.324228436,0.313667077,0.272686053,0.294810467,0.273899445,0.207471969,0.203242692,0.197607881,0.205539276,0.18311099,0.186156932,0.190638904,0.178382521,0.167305631,0.182257593,0.195996851,0.179640016,0.17312696,0.163474541,0.155459107,0.152871517,0.153776259,0.15497244,0.170522915,0.171269285
CO2,ATG,Antigua and Barbuda,0.442576194,0.456724582,0.476448806,0.422199662,0.415836567,0.444690131,0.420323959,0.388493244,0.375416932,0.382682453,0.354265704,0.36937803,0.39781348,0.497757422,0.481540085,0.444220872,0.400658248,0.378096078,0.380448014,0.482601409,0.534533583,0.626002478,0.653631657,0.659815458,0.656243287,0.622228399,0.597005866,0.412575114,0.421763544,0.398975341,0.41261332,0.436329676
CO2,AUS,Australia,0.525620036,0.531502189,0.535666061,0.522343094,0.511867538,0.509945184,0.508080024,0.503073339,0.512076143,0.495497733,0.484687284,0.483834799,0.475927466,0.460408391,0.458273852,0.448705165,0.443710841,0.439088429,0.427898461,0.426147792,0.412535446,0.400329177,0.385139048,0.368694638,0.351676476,0.349629637,0.347738728,0.343575761,0.332104058,0.325209606,0.301250824,0.289881232
CO2,AUT,Austria,0.217867906,0.223496665,0.201993227,0.201245105,0.198334517,0.202818288,0.20994391,0.204611219,0.199115088,0.186950371,0.18260416,0.192889738,0.193931361,0.205333357,0.202850275,0.199775932,0.188228895,0.174800213,0.171265424,0.161730757,0.172413415,0.163746353,0.155933869,0.157162739,0.148112102,0.149530153,0.147714674,0.149197687,0.139341574,0.14109783,0.136937219,0.136621664
CO2,AZE,Azerbaijan,0.999837223,0.98030084,1.031273752,1.17932748,1.305904176,1.436377923,1.188333917,1.093080718,0.993951309,0.914530431,0.871984863,0.7552681,0.684089512,0.67911484,0.615626227,0.511305011,0.385464766,0.279744168,0.278891749,0.213156739,0.193472029,0.218675,0.235682477,0.229517273,0.232966167,0.227055865,0.237100823,0.235152512,0.237790873,0.25183102,0.259718831,0.253615061
CO2,BDI,Burundi,0.038040336,0.048827983,0.039498388,0.046684361,0.050435506,0.054064302,0.062589141,0.065112164,0.065557038,0.068067307,0.063756825,0.049080336,0.043442091,0.036522502,0.041782399,0.0350893,0.041096403,0.063312725,0.036149153,0.034790484,0.047561662,0.054777497,0.050060794,0.053550731,0.045965219,0.05063469,0.05574204,0.063441028,0.0829426,0.086083284,0.07674396,0.08028701
CO2,BEL,Belgium,0.329556376,0.33446668,0.323710049,0.321567174,0.325191489,0.320894822,0.329123687,0.309566782,0.311954918,0.291154239,0.285087093,0.284436396,0.263351671,0.271394177,0.260105711,0.245765298,0.236249796,0.220483632,0.222831084,0.211291782,0.220503767,0.197409219,0.19322903,0.195109938,0.179384228,0.184321031,0.180080537,0.174484846,0.172564608,0.168079472,0.161179984,0.160419071
CO2,BEN,Benin,0.038340124,0.032567165,0.034356802,0.032905453,0.03280763,0.031584948,0.079116223,0.094724431,0.087832266,0.091666373,0.092378331,0.105142077,0.115947308,0.125391966,0.12793488,0.137751494,0.181944111,0.195098882,0.184677682,0.193555706,0.205290396,0.194647826,0.176921025,0.173578396,0.179156356,0.187167925,0.221307514,0.213498045,0.227788893,0.209235906,0.199239274,0.200932935
CO2,BFA,Burkina Faso,0.046030645,0.056281943,0.049961771,0.05064889,0.054564612,0.053065418,0.052210119,0.079590772,0.069951565,0.067138065,0.067403784,0.071334843,0.070934117,0.072724089,0.063029778,0.061814922,0.058189848,0.078659645,0.085760909,0.080103895,0.079243152,0.078040281,0.084510157,0.093334356,0.080587669,0.109338827,0.10105714,0.112276858,0.114784332,0.11315189,0.109844186,0.109805384
CO2,BGD,Bangladesh,0.077708921,0.071437458,0.075732837,0.076344516,0.079380294,0.092051657,0.089633955,0.092277857,0.089650545,0.091609007,0.094108928,0.105076217,0.106537024,0.106035666,0.106422639,0.106438305,0.107280691,0.105996832,0.111840115,0.112956686,0.118696582,0.118610857,0.117645614,0.114845499,0.113988947,0.122010986,0.116729881,0.116944422,0.115286509,0.115853008,0.111250733,0.106753535
CO2,BGR,Bulgaria,0.725729665,0.64561884,0.666717723,0.685395685,0.643723536,0.638868576,0.611518616,0.686136648,0.631803281,0.608117508,0.55727711,0.55935205,0.498502617,0.53298048,0.480804272,0.459096992,0.439210991,0.441314648,0.393155494,0.345252033,0.35909366,0.390507695,0.351975215,0.315751087,0.330681183,0.33736533,0.308362497,0.314574951,0.287948576,0.265338909,0.243561667,0.269976205
CO2,BHR,Bahrain,0.626160436,0.542870033,0.598943964,0.574006845,0.5861132,0.573218885,0.570546855,0.569701378,0.576245465,0.555403734,0.541080546,0.546806842,0.552589833,0.537947913,0.503482124,0.553255797,0.56588668,0.530821372,0.53475144,0.521251028,0.520911374,0.513719942,0.516024223,0.520483543,0.51719919,0.507205669,0.489953458,0.473725292,0.467697464,0.494163792,0.515872125,0.518835735
CO2,BHS,Bahamas,0.29008932,0.287113222,0.269780731,0.26456247,0.274330861,0.297133223,0.323234544,0.281009312,0.32730565,0.272844086,0.281629459,0.277905104,0.269256407,0.220443479,0.241185771,0.216032097,0.231897529,0.258395588,0.25769685,0.227504898,0.248003731,0.253827819,0.299159926,0.299219781,0.288999075,0.270102556,0.280685963,0.282245889,0.319281164,0.30941529,0.335021517,0.328066737
CO2,BIH,Bosnia and Herzegovina,3.003468872,3.151174495,2.509738813,2.145358557,0.519559819,0.457064714,0.301427845,0.4409564,0.482445435,0.434048523,0.503575426,0.485347606,0.485950787,0.479157307,0.475559371,0.480713253,0.505678015,0.503991924,0.524590324,0.540928648,0.549486711,0.61876579,0.576047791,0.560590149,0.496741431,0.482525814,0.527208147,0.521485537,0.504777007,0.463097165,0.473430074,0.301232507
CO2,BLR,Belarus,1.20251208,1.169777273,1.16854576,1.089016449,1.044017556,1.041817397,1.029470487,0.933034323,0.83726416,0.778275992,0.708260629,0.663038833,0.635115139,0.600979504,0.572117226,0.531210168,0.501848796,0.451782654,0.430999276,0.409308197,0.406626705,0.368225036,0.369635481,0.365138114,0.355700457,0.344293748,0.35374317,0.351705789,0.35892083,0.341600255,0.317214739,0.316367863
CO2,BLZ,Belize,0.365819255,0.395077847,0.308050473,0.27058144,0.252712358,0.277512142,0.230633892,0.355040334,0.344609877,0.345014127,0.312337559,0.30685969,0.284280749,0.339983819,0.307945821,0.309901111,0.306141774,0.285968037,0.260156913,0.296321296,0.318024409,0.316836954,0.336480434,0.356951725,0.332932816,0.358550396,0.356814088,0.296787891,0.259835005,0.238695431,0.240215005,0.248926742
CO2,BMU,Bermuda,0.168676385,0.16572806,0.137408949,0.14246189,0.135350271,0.127432645,0.128619113,0.116350285,0.113112256,0.115616382,0.105802107,0.099216465,0.107350033,0.130598555,0.130244368,0.129289035,0.13288845,0.142119907,0.138419849,0.133517447,0.16132838,0.139231708,0.167850516,0.163691797,0.213459904,0.176880562,0.215527783,0.153984913,0.173587058,0.170889073,0.151443197,0.165514154
CO2,BOL,Bolivia,0.209351256,0.208422331,0.220793698,0.252203083,0.259795502,0.223911884,0.207171195,0.217771272,0.195892922,0.185345602,0.180307687,0.173958594,0.175248519,0.187107878,0.187067072,0.189625314,0.202190873,0.208363161,0.212923966,0.220175946,0.228822895,0.238250811,0.237460227,0.237973119,0.244918489,0.237582252,0.243072634,0.241760186,0.236791436,0.225321289,0.220932934,0.230584423
CO2,BRA,Brazil,0.145827655,0.148943042,0.151940991,0.151567802,0.147932438,0.152799112,0.162020082,0.167332815,0.171904129,0.175894935,0.179881545,0.177857114,0.172518011,0.170734659,0.168725863,0.164747222,0.15980301,0.157255508,0.156994004,0.146899527,0.154741668,0.155344853,0.164245303,0.167726424,0.175153971,0.171397749,0.16564707,0.167009134,0.156268173,0.15374957,0.147643227,0.156627975
CO2,BRB,Barbados,0.374861977,0.402602405,0.447786226,0.40713478,0.376098506,0.368228058,0.354849975,0.370276676,0.378089233,0.409438059,0.389988904,0.396440152,0.392130568,0.442043459,0.440136161,0.413363622,0.380005159,0.353767859,0.395916531,0.427351555,0.445975562,0.537956939,0.537879031,0.564366931,0.500236205,0.500698924,0.491614037,0.381740465,0.432895221,0.430165114,0.415850246,0.454979037
CO2,BRN,Brunei,0.181401738,0.195074273,0.196032289,0.203670733,0.211825816,0.218311912,0.222554592,0.251540564,0.215320254,0.205442779,0.212597292,0.206413602,0.195246523,0.225843356,0.207602115,0.20310725,0.289413421,0.273993418,0.307901954,0.311663305,0.278681863,0.27504869,0.271270267,0.273637104,0.27423822,0.248792178,0.278080215,0.287490097,0.297731873,0.273029056,0.264635478,0.269197734
CO2,BTN,Bhutan,0.119571401,0.122683734,0.117230195,0.116862389,0.13776083,0.170324521,0.176830736,0.193378244,0.200968899,0.216368678,0.175401334,0.17374097,0.168933609,0.161550229,0.155116709,0.155809956,0.147671255,0.127323953,0.130218875,0.16784271,0.164730071,0.185872124,0.16904565,0.16979572,0.163033311,0.176911015,0.177377393,0.181467284,0.198903776,0.209226382,0.218097593,0.251995396
CO2,BWA,Botswana,0.260628492,0.239906977,0.283570292,0.274439475,0.253970032,0.246832318,0.210309316,0.207268273,0.245522196,0.235899826,0.239642113,0.231709121,0.228282797,0.21324445,0.208904279,0.214407032,0.188888175,0.183505367,0.175217391,0.179944391,0.134518739,0.148664105,0.122636747,0.172464491,0.212614632,0.224316224,0.200032043,0.212330813,0.203492558,0.19523053,0.194392722,0.182223403
CO2,CAF,Central African Republic,0.058820813,0.074148217,0.066602154,0.072124842,0.072165079,0.069236254,0.077711556,0.075684227,0.073666211,0.072975804,0.079168721,0.078228218,0.075430767,0.075232622,0.070160638,0.068755009,0.068758912,0.065527249,0.048587026,0.043322539,0.042548543,0.041057758,0.039398875,0.042490019,0.045597043,0.061038077,0.06145638,0.063143514,0.062459707,0.062704754,0.057032929,0.060371176
CO2,CAN,Canada,0.493839333,0.49738063,0.507134623,0.492585988,0.489640344,0.489735606,0.495624775,0.499140406,0.492638531,0.482596483,0.477533839,0.463284544,0.463991169,0.462703369,0.439701046,0.426331067,0.403934361,0.399313451,0.381694209,0.370678659,0.370080987,0.366825711,0.358998443,0.356352376,0.350042593,0.345766361,0.341675725,0.337632423,0.335272985,0.329107325,0.313017238,0.307590754
CO2,CHE,Switzerland and Liechtenstein,0.118859381,0.126152384,0.126046873,0.119980699,0.115992493,0.117534164,0.118382419,0.112483403,0.112764291,0.111474091,0.105303207,0.106978769,0.103215714,0.10626966,0.104559897,0.102976605,0.098084252,0.090382284,0.090662723,0.089811452,0.090249054,0.080783028,0.082266429,0.082684233,0.074413809,0.071634379,0.071145675,0.068370219,0.064380643,0.063409227,0.057639437,0.056960507
CO2,CHL,Chile,0.255053829,0.225510252,0.210539518,0.208977636,0.21717851,0.218314752,0.234899975,0.248969158,0.241026245,0.253144541,0.225756128,0.210373245,0.205717126,0.20385178,0.206390247,0.197667527,0.189988826,0.203068151,0.205941034,0.199277144,0.199673281,0.205178213,0.198660047,0.202139834,0.183349387,0.192287204,0.199099895,0.19814058,0.189941998,0.198964328,0.187946801,0.172759423
CO2,CHN,China,1.50065879,1.450537453,1.336129472,1.270988769,1.194024824,1.185358602,1.069479839,1.001619569,0.950781195,0.865884533,0.849731893,0.821409398,0.811828493,0.855889231,0.896932173,0.911364893,0.898052979,0.856891064,0.80342076,0.790321657,0.78202726,0.779986667,0.746555529,0.712313592,0.670322355,0.618953306,0.580488123,0.55497138,0.541669186,0.523330498,0.51956513,0.501433715
CO2,CIV,Côte d’Ivoire,0.05948471,0.06131316,0.061263533,0.06508402,0.067450689,0.068801047,0.079655023,0.088262895,0.082106785,0.108117793,0.103628472,0.106311289,0.115633372,0.096192406,0.096227626,0.101811607,0.097174295,0.096267162,0.10238057,0.091667144,0.0971841,0.100633127,0.11885712,0.11512213,0.113227153,0.113087615,0.107135737,0.107828877,0.099765873,0.100188665,0.099823854,0.099431664
CO2,CMR,Cameroon,0.12083497,0.119782186,0.118901968,0.140959854,0.149535302,0.145519514,0.143189353,0.137956447,0.137082327,0.126333491,0.130549103,0.124524258,0.117531579,0.113690084,0.104406537,0.099354774,0.096588098,0.109072759,0.111796512,0.118388736,0.117284563,0.108054022,0.104867759,0.110579094,0.113635876,0.111293291,0.113349711,0.111288903,0.112282065,0.107851285,0.100755556,0.101296282
CO2,COD,Democratic Republic of the Congo,0.054648762,0.03415283,0.033041104,0.036956315,0.059779646,0.055532069,0.061853496,0.06573559,0.066593696,0.064400966,0.05562727,0.055376061,0.056401265,0.064224794,0.057646786,0.06067345,0.059200732,0.061335699,0.059240611,0.055968389,0.054602243,0.058122586,0.048711964,0.061837817,0.072139757,0.043952902,0.033445027,0.037208509,0.034295865,0.035339368,0.033246267,0.032878599
CO2,COG,Congo,0.201203383,0.200476141,0.190672621,0.190211414,0.184358213,0.22535943,0.259947121,0.269506856,0.308810228,0.328272957,0.330089847,0.309982962,0.193236411,0.238529155,0.234001294,0.259609265,0.267436692,0.253466741,0.247812782,0.246213103,0.241099394,0.216324252,0.181670682,0.222500955,0.202418953,0.227739063,0.249507581,0.256958441,0.31604016,0.354722873,0.386294734,0.395772703
CO2,COK,Cook Islands,,,,,,,,,,,,,,,,,,,,,,,,,,,,,,,,
CO2,COL,Colombia,0.190592637,0.192775071,0.192294156,0.193038294,0.18110957,0.180156286,0.174268015,0.182863165,0.184852905,0.168436997,0.171696245,0.167943561,0.157473784,0.150293184,0.142992953,0.140278812,0.128946632,0.124205423,0.121083651,0.124634295,0.122539861,0.123517853,0.119574869,0.12541193,0.123160613,0.121182783,0.123000171,0.110607636,0.113024511,0.113746991,0.10711459,0.102896193
CO2,COM,Comoros,0.037744684,0.046018384,0.037356403,0.035438167,0.037427271,0.037139594,0.038729305,0.038216959,0.04767255,0.048071182,0.06691406,0.068178938,0.067299467,0.085071118,0.091453544,0.086305159,0.099075817,0.064935807,0.062211334,0.074250556,0.084804536,0.067868646,0.067385473,0.076914395,0.066396603,0.071712443,0.079737258,0.102075108,0.106405688,0.114143461,0.100379855,0.104732393
CO2,CPV,Cabo Verde,0.10974711,0.129641235,0.120132544,0.107838693,0.106291802,0.093268496,0.099399445,0.091737791,0.083123969,0.076767003,0.182872911,0.200809876,0.207195824,0.198740618,0.19720465,0.28818623,0.287252146,0.281315228,0.255564197,0.25047638,0.263991943,0.271833801,0.228906642,0.220852301,0.230939193,0.230206631,0.22516137,0.238706575,0.227548133,0.218189053,0.25215515,0.254631856
CO2,CRI,Costa Rica,0.094555495,0.100265238,0.123303115,0.11575312,0.128869049,0.123815842,0.116757539,0.108286182,0.112600044,0.107525752,0.102837267,0.10744356,0.105791086,0.109307928,0.106296573,0.104670653,0.107129016,0.109269719,0.103344822,0.100511374,0.094484397,0.09493753,0.090345887,0.091548688,0.089659602,0.083452886,0.085496164,0.083926035,0.083222878,0.080025041,0.071410868,0.0740487
CO2,CUB,Cuba,0.387010963,0.32657605,0.286727334,0.301049533,0.301985698,0.306376098,0.302101775,0.316158548,0.299198594,0.292798849,0.273791813,0.249706735,0.231471952,0.212383815,0.191914942,0.172815691,0.152608942,0.143228517,0.13070231,0.129007355,0.13029295,0.122204078,0.121239694,0.116634869,0.104883059,0.108770472,0.099585424,0.092972914,0.090137873,0.082923087,0.06682423,0.075340803
CO2,CYM,Cayman Islands,0.131894234,0.141606036,0.161941056,0.126192779,0.156383668,0.152365364,0.153841387,0.128515824,0.118485617,0.12853699,0.154569777,0.160914479,0.181019386,0.205243185,0.211067263,0.172002626,0.156420264,0.171538654,0.174170479,0.191311545,0.20620932,0.244352252,0.239180447,0.233638769,0.234382979,0.23088472,0.221237984,0.178850317,0.169290595,0.195615209,0.171143423,0.184137656
CO2,CYP,Cyprus,0.305472836,0.341262523,0.328669213,0.33741285,0.329713598,0.298248484,0.310196029,0.306433753,0.311392182,0.307721895,0.304656332,0.287578129,0.284572903,0.307080745,0.288895384,0.281843247,0.270906554,0.269515744,0.266293028,0.26408248,0.249795817,0.23879808,0.229730294,0.225023984,0.242761138,0.233772598,0.233451011,0.224858006,0.208411311,0.198164592,0.184860575,0.183845229
CO2,CZE,Czechia,0.668586937,0.682857543,0.657701955,0.64661469,0.602657007,0.568096902,0.549812511,0.540617471,0.518885621,0.482867824,0.509122963,0.494887139,0.467993262,0.467064614,0.449825088,0.409444506,0.387135579,0.374096712,0.349398659,0.342818747,0.3387564,0.325011574,0.317950207,0.304171355,0.288682686,0.277580769,0.276195782,0.263594186,0.252519098,0.233708819,0.224224137,0.229450647
CO2,DEU,Germany,0.349579755,0.325440534,0.30219882,0.302378114,0.29175031,0.285802017,0.291869228,0.277021667,0.269660165,0.254862874,0.248898093,0.249060508,0.245012855,0.247373822,0.240022915,0.232729734,0.228006108,0.213527422,0.212755903,0.209064513,0.212869537,0.198217915,0.200460953,0.204046753,0.190003798,0.188707536,0.185543415,0.177325545,0.169934825,0.156569769,0.147109552,0.15133374
CO2,DJI,Djibouti,0.579969642,0.734851892,0.508546377,0.408286538,0.572258233,0.490087229,0.578934899,0.559832856,0.573502143,0.55617428,0.315457569,0.320572778,0.32786437,0.317245713,0.300400042,0.272533006,0.223283241,0.219825614,0.211585137,0.254432948,0.315573486,0.200791587,0.237311628,0.240236996,0.225295842,0.190943591,0.159204343,0.1407468,0.14055793,0.125671364,0.110729761,0.112622771
CO2,DMA,Dominica,0.104405195,0.108645622,0.112158578,0.133498381,0.173478269,0.194069575,0.198843322,0.184622202,0.151858777,0.202467772,0.244981262,0.255830562,0.288668999,0.472035198,0.470957937,0.460137577,0.459884418,0.468878695,0.418109403,0.435018451,0.443751777,0.489226221,0.499654098,0.464410235,0.482600324,0.488739308,0.488198216,0.24160413,0.259416759,0.237874634,0.236968533,0.24691632
CO2,DNK,Denmark,0.266813768,0.315404491,0.281683942,0.292236115,0.296507244,0.274251193,0.324337808,0.273302632,0.249876104,0.230968559,0.206807496,0.21086743,0.20828018,0.227630996,0.201052924,0.184195674,0.20456736,0.186209853,0.176185489,0.177152935,0.174316339,0.15427883,0.13695036,0.141918804,0.126970661,0.117049978,0.116908566,0.1068856,0.104954138,0.092325895,0.079760141,0.080050346
CO2,DOM,Dominican Republic,0.181793007,0.18860134,0.19676568,0.181043868,0.206177352,0.207390672,0.210881474,0.220119809,0.235789689,0.241290064,0.240785813,0.236792587,0.248639167,0.22523619,0.203731486,0.201110039,0.200998809,0.189385508,0.182855203,0.173492126,0.168394875,0.165643471,0.166973363,0.156254455,0.147329262,0.151509447,0.147897535,0.135401031,0.1362348,0.139682576,0.135764407,0.133891533
CO2,DZA,Algeria,0.301841346,0.323987724,0.353119232,0.361843934,0.353598202,0.351982348,0.333457179,0.323369975,0.30828077,0.311126093,0.309678666,0.294916969,0.294607487,0.295249815,0.282035089,0.283169055,0.292045619,0.289545865,0.295673016,0.299950295,0.29552762,0.302777361,0.327491011,0.328272082,0.339494377,0.347502182,0.332539024,0.335120266,0.353674054,0.358675671,0.358889379,0.353877549
CO2,ECU,Ecuador,0.207263806,0.199108715,0.205341532,0.196384075,0.197457928,0.211913543,0.239999065,0.239606759,0.22783305,0.2116365,0.212769482,0.22537634,0.216518169,0.215433061,0.210083565,0.215287854,0.22051352,0.219998537,0.214137943,0.23182583,0.241358475,0.225787184,0.214730774,0.217631787,0.220807651,0.219328518,0.21543672,0.203836931,0.209058293,0.205826355,0.186823566,0.216666975
CO2,EGY,Egypt,0.266491324,0.26963259,0.268206573,0.261485464,0.239749861,0.244773682,0.249993232,0.252382584,0.251218254,0.255751126,0.238629994,0.254558931,0.255287688,0.252600058,0.263014356,0.280080718,0.278255347,0.278020808,0.259629559,0.258172662,0.248255083,0.252890777,0.263284481,0.252945967,0.25051504,0.246469707,0.242781444,0.252794357,0.250971998,0.227188708,0.198921125,0.205202836
CO2,ERI,Eritrea,0.083474841,0.107560679,0.143597905,0.17601686,0.160567028,0.166743937,0.164794733,0.142484826,0.104964038,0.109937499,0.109528419,0.108017586,0.101365439,0.099040792,0.093940431,0.07823171,0.06695527,0.062953889,0.05967512,0.059720575,0.061687496,0.063932501,0.062594959,0.059828391,0.058015511,0.056253188,0.056482772,0.057750743,0.063720221,0.06182615,0.052364994,0.053985031
CO2,ESH,Western Sahara,,,,,,,,,,,,,,,,,,,,,,,,,,,,,,,,
CO2,ESP,Spain and Andorra,0.216818284,0.218318418,0.224227691,0.212941293,0.217046544,0.221931604,0.208885207,0.217593758,0.215185395,0.222418992,0.2229152,0.214743897,0.220596226,0.219687954,0.222985425,0.224192901,0.21021806,0.210346776,0.190859892,0.175404309,0.167600545,0.170065896,0.171579154,0.157883875,0.154099709,0.157671899,0.147991263,0.152485193,0.14563858,0.133528962,0.123882507,0.128623675
CO2,EST,Estonia,1.421014891,1.38845737,1.344771534,1.106176372,1.127079915,1.013703869,1.013879621,0.880342169,0.798818663,0.748682785,0.683474287,0.666637717,0.594588286,0.624607011,0.598053241,0.556043112,0.477083668,0.534232496,0.528212653,0.530095613,0.637574229,0.576728809,0.531338833,0.590277878,0.544077389,0.487080683,0.478440783,0.4740487,0.466399595,0.311481066,0.295718416,0.293491755
CO2,ETH,Ethiopia,0.057091316,0.060722524,0.051100649,0.058420205,0.065477603,0.07004148,0.070461218,0.071701612,0.078929492,0.073990985,0.07765281,0.088970551,0.090102299,0.099118973,0.094494389,0.080796496,0.077764908,0.07637633,0.074771962,0.069199085,0.061311542,0.064229582,0.066489585,0.069346334,0.078280116,0.074661932,0.080848848,0.078392104,0.079874842,0.079493724,0.068828553,0.068862571
CO2,FIN,Finland,0.348730953,0.373417926,0.366075154,0.377883723,0.407069706,0.369340674,0.392503694,0.357436731,0.321563583,0.304646163,0.280247477,0.301760474,0.306480738,0.338015901,0.308691042,0.24819366,0.286081386,0.264007031,0.229803251,0.23901572,0.267684237,0.230441588,0.21007549,0.217033461,0.2013418,0.186484309,0.192524877,0.175473064,0.180227328,0.163280082,0.145936293,0.143781692
CO2,FJI,Fiji,0.162743847,0.143341343,0.141359965,0.144034097,0.145225843,0.148458397,0.14971728,0.164450947,0.163063875,0.158228044,0.202104979,0.209351655,0.165495218,0.19205636,0.238000165,0.203596404,0.214392228,0.188509754,0.146933151,0.129630932,0.189497216,0.138071755,0.130760373,0.134628422,0.141435062,0.140540872,0.130929393,0.13152436,0.130973607,0.136470938,0.161691624,0.174686113
CO2,FLK,Falkland Islands,,,,,,,,,,,,,,,,,,,,,,,,,,,,,,,,
CO2,FRA,France and Monaco,0.196114504,0.206143438,0.197284701,0.188566558,0.181528134,0.182021074,0.186462369,0.178548658,0.182112744,0.173363412,0.166000001,0.164372717,0.160318918,0.160740753,0.156375618,0.154957157,0.14744183,0.141308962,0.138529184,0.137883482,0.13801791,0.130549503,0.130842528,0.128371939,0.115635977,0.116062719,0.115826706,0.114439285,0.108772821,0.104497346,0.09793263,0.099119636
CO2,FRO,Faroes,,,,,,,,,,,,,,,,,,,,,,,,,,,,,,,,
CO2,GAB,Gabon,0.357551226,0.269388612,0.280133564,0.275492205,0.263678773,0.282275526,0.304210352,0.27482893,0.303988828,0.31779479,0.324633784,0.324460906,0.312319584,0.346487637,0.310524097,0.291779272,0.268101051,0.229368654,0.252966092,0.24908383,0.25448025,0.23224873,0.22332883,0.218153082,0.21564175,0.213323337,0.219104315,0.183230396,0.173329951,0.171923119,0.172923854,0.1706258
CO2,GBR,United Kingdom,0.328996562,0.337292533,0.328309609,0.31154019,0.297568161,0.286138943,0.288394911,0.263344539,0.25631533,0.247019974,0.240857884,0.241716489,0.230148548,0.229260391,0.223981351,0.217470036,0.212239711,0.2036915,0.198341064,0.187767804,0.189764073,0.172453461,0.178293355,0.170165728,0.151937942,0.142994651,0.132909277,0.125735677,0.121797158,0.116127821,0.11102827,0.108665659
CO2,GEO,Georgia,0.649838007,0.633491989,0.904566675,1.025679161,0.741547302,0.570431964,0.408964753,0.326013468,0.283689491,0.256737541,0.268049041,0.187084166,0.155686857,0.152171171,0.157000424,0.174618746,0.175011949,0.182639698,0.156502558,0.183845001,0.16901555,0.189928406,0.194353421,0.202535806,0.2094981,0.219159784,0.222661323,0.215003804,0.20349052,0.209231035,0.216244058,0.203023932
CO2,GHA,Ghana,0.089446907,0.078824934,0.089355091,0.087907061,0.090536368,0.093399122,0.096852342,0.097766686,0.126445616,0.132120857,0.113140111,0.117512434,0.132499055,0.11834406,0.104761347,0.104547521,0.119096168,0.120503793,0.104857982,0.114794033,0.119024174,0.112582489,0.12423955,0.123077773,0.115296632,0.118929508,0.11938506,0.116305478,0.122292349,0.124617891,0.127421515,0.132445103
CO2,GIB,Gibraltar,0.407855271,0.566690109,0.65766893,0.628656986,0.703018024,0.652127991,0.634489762,0.60669417,0.605150262,0.60374049,0.594493041,0.573956563,0.561233596,0.540285281,0.558398197,0.546081661,0.5360733,0.501663672,0.508422169,0.577336028,0.56799452,0.532290351,0.527496672,0.535624928,0.55364541,0.587125277,0.561262082,0.539604058,0.5277747,0.510493747,0.222398254,0.228487457
CO2,GIN,Guinea,0.118595373,0.107777758,0.096370893,0.094561649,0.092624498,0.090282829,0.088895673,0.087375538,0.087192996,0.086569676,0.118017943,0.119321857,0.119574748,0.124375803,0.125912131,0.118169597,0.122403187,0.119073938,0.120964214,0.128830081,0.142269219,0.131609469,0.11670982,0.101066161,0.101324608,0.116374891,0.11573195,0.108841616,0.102571181,0.099322368,0.093937041,0.097289363
CO2,GLP,Guadeloupe,,,,,,,,,,,,,,,,,,,,,,,,,,,,,,,,
CO2,GMB,The Gambia,0.069435065,0.080119488,0.068395541,0.069604706,0.079860787,0.075763587,0.076300673,0.074629367,0.078439811,0.075597852,0.102500769,0.105050288,0.110137966,0.104359047,0.102793947,0.107104753,0.118047729,0.119984154,0.114128382,0.117675094,0.113835443,0.120116687,0.108544457,0.105365622,0.115085807,0.114637129,0.110878928,0.110676875,0.103141605,0.100374037,0.099100319,0.101214215
CO2,GNB,Guinea-Bissau,0.105485433,0.120132526,0.110227263,0.116044528,0.112463908,0.110836345,0.09752971,0.098458076,0.139560277,0.141847438,0.111847005,0.111521888,0.116150027,0.135731217,0.137302782,0.134823154,0.136909889,0.140065805,0.128950972,0.131025164,0.128242386,0.111051809,0.112723856,0.111646072,0.113840929,0.112280312,0.107963733,0.084984351,0.083583521,0.081075997,0.081877579,0.085037866
CO2,GNQ,Equatorial Guinea,0.150838719,0.159681961,0.118580573,0.097412067,1.585831844,1.433002247,0.936515304,0.518536212,0.501338374,0.438590583,0.442215419,0.373402624,0.403336986,0.387880714,0.336971058,0.376887071,0.390919428,0.311742413,0.298968138,0.292241618,0.327933334,0.324429679,0.288956832,0.28381231,0.247207441,0.23027153,0.255009923,0.239467328,0.279918365,0.259724101,0.275782918,0.292750096
CO2,GRC,Greece,0.319695564,0.310226008,0.316168524,0.319325095,0.318965752,0.323966419,0.314570163,0.304632193,0.305119535,0.296942717,0.308420067,0.302423896,0.291096045,0.285562685,0.27105717,0.275283316,0.257247401,0.257841151,0.248833268,0.245218653,0.240245812,0.258698013,0.263641054,0.245951009,0.235858754,0.23075039,0.228169844,0.226358664,0.216968471,0.197282118,0.180261341,0.170062098
CO2,GRD,Grenada,0.156824148,0.163157195,0.178180133,0.195829053,0.216885703,0.186614105,0.193679297,0.231617653,0.185202176,0.184068608,0.191816646,0.201474961,0.220123066,0.308508847,0.300753819,0.268808104,0.292312641,0.285060697,0.285523645,0.319090556,0.337684164,0.381983788,0.40238439,0.412238458,0.356997818,0.330958823,0.327763786,0.200628381,0.201886912,0.197944331,0.189621412,0.200414166
CO2,GRL,Greenland,1.9047E-05,1.92355E-05,2.04083E-05,2.16199E-05,2.05185E-05,1.98951E-05,1.97254E-05,1.95485E-05,1.82782E-05,1.8179E-05,1.71455E-05,1.7075E-05,1.74008E-05,1.76376E-05,0.003000239,0.002887416,0.002804332,0.002699068,0.002619564,0.002252842,0.00257761,0.002753895,0.002144387,0.002139528,0.001847171,0.002039058,0.00193452,0.001886368,0.001833678,0.00177654,0.001670797,0.001707308
CO2,GTM,Guatemala,0.077751858,0.079261387,0.08861692,0.094653808,0.098264029,0.108762397,0.103795828,0.104428076,0.123916538,0.119210562,0.12846823,0.131730547,0.133849292,0.129630114,0.127958962,0.133632609,0.12907189,0.129396596,0.114021837,0.119431812,0.112625051,0.111462053,0.112503631,0.117513786,0.120444635,0.134838572,0.13906624,0.128383525,0.136772911,0.13872609,0.123160526,0.132706986
CO2,GUF,French Guiana,,,,,,,,,,,,,,,,,,,,,,,,,,,,,,,,
CO2,GUY,Guyana,0.326860874,0.30130962,0.264066875,0.24546013,0.293551293,0.302905563,0.289562356,0.297333475,0.306877804,0.296179461,0.286985921,0.277827534,0.271255872,0.272307096,0.27699858,0.250700729,0.214701334,0.240371544,0.236389505,0.230942117,0.240164666,0.237336503,0.245993803,0.234334479,0.240669286,0.240121578,0.273955957,0.265346691,0.265580158,0.277736329,0.182848,0.164592485
CO2,HKG,Hong Kong,0.213518062,0.220497793,0.231445677,0.222637014,0.178758338,0.17712709,0.158802174,0.146297984,0.192646432,0.201094857,0.171642709,0.170619905,0.164285228,0.173342279,0.145847588,0.14339441,0.132391379,0.130567572,0.124125109,0.133395696,0.116841766,0.119253276,0.115855349,0.116246799,0.116483637,0.105842337,0.105537277,0.099544593,0.096618763,0.09704763,0.078435606,0.074589553
CO2,HND,Honduras,0.120087867,0.12534287,0.132724991,0.130782799,0.148659742,0.165989212,0.172441437,0.169758451,0.189939333,0.194144665,0.187429637,0.214328237,0.217238198,0.229830895,0.245972013,0.21037987,0.226498495,0.226530952,0.217314285,0.21008815,0.204010461,0.210627776,0.210258488,0.209160298,0.205640673,0.206773963,0.190499171,0.180140845,0.185806254,0.183188895,0.171187737,0.170253184
CO2,HRV,Croatia,0.295332089,0.252223726,0.248413155,0.277967678,0.253844545,0.245038508,0.229614871,0.239377727,0.248541322,0.25159593,0.239045071,0.244750759,0.242613873,0.245370399,0.238000919,0.230718017,0.223542284,0.227617196,0.21256824,0.208479243,0.203865399,0.19886099,0.187325529,0.184382407,0.177784591,0.176394388,0.173244428,0.172227759,0.158578452,0.155041701,0.15682408,0.148685909
CO2,HTI,Haiti,0.046000936,0.044114916,0.043415545,0.038866445,0.020968736,0.051483681,0.056135863,0.063871178,0.063986269,0.065133496,0.068319819,0.06987383,0.078052573,0.074886027,0.070165759,0.069548756,0.069178302,0.077798772,0.075072944,0.069590053,0.090159803,0.097175807,0.085565526,0.088608789,0.09891659,0.104066883,0.104694443,0.101234179,0.098736548,0.101405182,0.087788885,0.09872484
CO2,HUN,Hungary,0.366078049,0.401550173,0.373274551,0.379849868,0.3677488,0.358166898,0.364675886,0.346584548,0.332414358,0.3243463,0.29450952,0.289945539,0.272567306,0.273578085,0.252972153,0.243761701,0.233045845,0.227277931,0.220858122,0.211186747,0.212120709,0.204655227,0.192328916,0.177664814,0.171068117,0.175077668,0.17377577,0.175828512,0.166932476,0.16011298,0.162553384,0.155754767
CO2,IDN,Indonesia,0.196328692,0.198417788,0.194738974,0.200259393,0.197721175,0.203663741,0.200395965,0.209858651,0.243509934,0.255683213,0.246847066,0.254801427,0.249055246,0.259310444,0.251239837,0.238429075,0.240347071,0.235666626,0.219762276,0.218209713,0.218026274,0.234346137,0.224008967,0.197751924,0.202558202,0.19564757,0.183706383,0.187203742,0.19803294,0.202543346,0.188880806,0.185630182
CO2,IND,India,0.378954305,0.403422827,0.396162332,0.395064365,0.393964881,0.392221083,0.38177832,0.385774824,0.372262784,0.365648205,0.365157419,0.353940023,0.353924851,0.338093055,0.337876868,0.326288657,0.32229307,0.326050499,0.336249706,0.34064087,0.333082004,0.336056431,0.348417488,0.337452996,0.338198571,0.315467221,0.296593861,0.293679598,0.290124152,0.280474588,0.280681825,0.284769268
CO2,IRL,Ireland,0.353667752,0.352276723,0.339225306,0.333751053,0.326449489,0.30398092,0.293357329,0.273143458,0.266634105,0.250134674,0.242699783,0.241898652,0.222666223,0.214323988,0.202363706,0.199950749,0.192811901,0.18005917,0.185795085,0.174930807,0.170806461,0.154445005,0.155818417,0.149330531,0.136554094,0.114110578,0.116133821,0.103626749,0.095063581,0.086069708,0.072731375,0.068164594
CO2,IRN,Iran,0.388787294,0.379925031,0.393256757,0.397211748,0.461607651,0.458120971,0.449598661,0.463494212,0.452279534,0.489035521,0.488129991,0.495198172,0.478523639,0.46493109,0.477882972,0.500235739,0.514346659,0.505931443,0.516610988,0.531482948,0.505495819,0.500685024,0.526146174,0.552632566,0.54688155,0.549203961,0.515488588,0.519053913,0.541387652,0.542036783,0.549403806,0.543540453
CO2,IRQ,Iraq,0.527008157,1.152778893,1.209204233,1.226220831,1.295792557,1.259236949,1.04641551,1.03781936,0.598354549,0.40083225,0.409933801,0.456733021,0.470088298,0.647549538,0.45988578,0.43683368,0.402360401,0.364936216,0.388661516,0.401536451,0.435371545,0.420980386,0.42414472,0.423925747,0.407933072,0.387546606,0.367818145,0.407870898,0.418435023,0.424562268,0.436694124,0.455829521
CO2,ISL,Iceland,0.264639237,0.259877012,0.270481625,0.278746084,0.281293147,0.271937574,0.288634492,0.264355964,0.254274976,0.247196612,0.245354818,0.244572068,0.257288755,0.249703012,0.238067934,0.222311006,0.216195169,0.212654881,0.226033309,0.247385618,0.248411809,0.235302097,0.235925631,0.230612853,0.216197713,0.212383447,0.173468823,0.173981712,0.164631152,0.158381672,0.141216357,0.146102422
CO2,ISR,"Israel and Palestine, State of",0.308607672,0.294698674,0.295980561,0.291399406,0.280865194,0.280015794,0.277480417,0.264621961,0.273297929,0.265493218,0.262664402,0.265443743,0.269471144,0.264921966,0.24067521,0.216798751,0.20913283,0.198812339,0.196225414,0.19362763,0.181593158,0.169065428,0.176564016,0.148316043,0.137884534,0.137670854,0.131920491,0.126485392,0.114104623,0.114908216,0.111149278,0.102746135
CO2,ITA,"Italy, San Marino and the Holy See",0.207432977,0.203665536,0.200837512,0.199507038,0.192413915,0.198306627,0.193568308,0.191449752,0.192575201,0.192440562,0.186635929,0.183049119,0.185745266,0.193296853,0.195059483,0.193921023,0.188443494,0.182828173,0.178774494,0.16775344,0.168652213,0.16395651,0.160526274,0.150081384,0.142447519,0.145449036,0.141886261,0.138036759,0.134756243,0.130882508,0.12707997,0.129051119
CO2,JAM,Jamaica,0.362173935,0.343385132,0.372555435,0.346675352,0.345103051,0.348882415,0.364278569,0.377011347,0.406506474,0.412980774,0.412069558,0.40925389,0.399235497,0.396617176,0.393286622,0.391228366,0.440010194,0.430805497,0.350110493,0.297989548,0.289249997,0.281159677,0.260793627,0.276880151,0.265275043,0.258711583,0.274749651,0.259781478,0.304367076,0.293163126,0.278721945,0.297795725
CO2,JOR,Jordan,0.356964383,0.351801424,0.36486425,0.362823301,0.361545973,0.361497244,0.362288674,0.362889176,0.357528363,0.34632394,0.368364392,0.350768304,0.345624944,0.340217525,0.337719943,0.333211935,0.31198383,0.299599922,0.268117367,0.262412033,0.250731852,0.249086924,0.283765596,0.271714795,0.281800063,0.272775501,0.26331367,0.271400034,0.252159232,0.247667947,0.234726796,0.237335926
CO2,JPN,Japan,0.288908104,0.281650527,0.280507538,0.279595745,0.288755988,0.283905264,0.278122438,0.272628892,0.265697125,0.274894892,0.271943451,0.267869026,0.275518207,0.273085552,0.266482478,0.263133021,0.255020693,0.258478178,0.247670206,0.248769219,0.251463986,0.262245,0.266366884,0.263396018,0.25354667,0.241965754,0.237672625,0.231367988,0.222654734,0.216288447,0.209211249,0.211687628
CO2,KAZ,Kazakhstan,1.142920903,1.340674039,1.441707183,1.353791713,1.394977545,1.346460986,1.174715991,1.003385854,1.047720516,0.930664628,0.859313786,0.742059139,0.751686823,0.763827278,0.751936081,0.729132563,0.734418052,0.711008501,0.813175874,0.716834348,0.719365388,0.71627715,0.675904142,0.678084388,0.542084377,0.469507781,0.49160693,0.500556498,0.485046122,0.456792972,0.447551748,0.426941255
CO2,KEN,Kenya,0.076489517,0.072493768,0.07403897,0.072524083,0.070420488,0.072848285,0.076581987,0.073554183,0.076744047,0.077053388,0.084590799,0.076016601,0.073704842,0.064062538,0.069242,0.072811038,0.075847678,0.07122903,0.07528318,0.084887262,0.085165976,0.08283995,0.074085418,0.081941656,0.083015623,0.090160075,0.097457152,0.093028752,0.081877905,0.098024868,0.090266346,0.089210261
CO2,KGZ,Kyrgyzstan,1.046711108,1.022295898,0.778113745,0.676512492,0.554573481,0.415723885,0.483873205,0.435411507,0.450819461,0.348239973,0.322686613,0.260283813,0.324201874,0.339379619,0.315700129,0.302910603,0.294554017,0.328199735,0.35063902,0.306580722,0.291738524,0.328370794,0.429734896,0.364001211,0.360170257,0.365531688,0.332822581,0.311377136,0.356638883,0.307500574,0.3129676,0.334561853
CO2,KHM,Cambodia,0.029640677,0.029184987,0.023216626,0.025692299,0.041431458,0.119178971,0.124924106,0.128230141,0.137275316,0.118646912,0.111119565,0.11231135,0.108289336,0.107348714,0.097339519,0.095950901,0.096468998,0.107587341,0.111760562,0.132821763,0.132651868,0.128820543,0.126009868,0.118647519,0.136793951,0.155068473,0.180379108,0.189064077,0.197909703,0.223410184,0.235063998,0.234710633
CO2,KIR,Kiribati,0.108500411,0.110753019,0.109678307,0.106491637,0.110071053,0.105644027,0.106416098,0.111006388,0.107910406,0.106496292,0.194312429,0.172677447,0.24172817,0.244339368,0.25911376,0.322124552,0.344926184,0.294921549,0.350906162,0.313421536,0.31596905,0.295590113,0.273209257,0.266499473,0.265416255,0.248532562,0.262700403,0.295012816,0.280731765,0.291624483,0.294752209,0.301091412
CO2,KNA,Saint Kitts and Nevis,0.095799789,0.137140282,0.138638418,0.149487682,0.162409779,0.127305147,0.14101176,0.124965836,0.138605047,0.143661538,0.229357321,0.224611384,0.263533657,0.416691245,0.415837004,0.355853926,0.361939494,0.370907411,0.331071602,0.363795781,0.375526097,0.423411266,0.440069815,0.397583972,0.388262077,0.375584239,0.373137715,0.208853104,0.218726685,0.206094163,0.198969042,0.223766865
CO2,KOR,South Korea,0.499624292,0.49300563,0.494122377,0.506684433,0.499943119,0.495738556,0.489343912,0.485666056,0.439792603,0.429890728,0.448349861,0.43966422,0.404546194,0.395280583,0.390606115,0.374282893,0.360055521,0.347554038,0.343849409,0.346221765,0.351415173,0.356287918,0.349704183,0.337501832,0.324312244,0.324933485,0.324260928,0.318204229,0.311392665,0.293830412,0.275889877,0.274577786
CO2,KWT,Kuwait,0.513852177,1.036742995,0.400632198,0.379238446,0.415710613,0.392318566,0.383490712,0.394187244,0.422114552,0.463186851,0.483164334,0.509066676,0.516573055,0.462738982,0.446638474,0.453022829,0.436137554,0.402210304,0.420378259,0.462572557,0.490681946,0.464890706,0.440200931,0.446780262,0.435517092,0.449180003,0.448451851,0.465411806,0.454942314,0.460192428,0.475778333,0.50555124
CO2,LAO,Laos,0.03046575,0.034824879,0.034234594,0.032820821,0.033392554,0.032656953,0.03573157,0.039537777,0.041789056,0.038637734,0.061592482,0.064187459,0.067896729,0.066539892,0.065579758,0.063434026,0.076595271,0.075222998,0.081396873,0.094690455,0.097818286,0.095565489,0.094385339,0.103292995,0.106759257,0.202442822,0.336233749,0.381399432,0.370491866,0.343421599,0.355667859,0.352867491
CO2,LBN,Lebanon,0.284048897,0.2357124,0.217452049,0.281002249,0.285664275,0.310892585,0.290018009,0.315294919,0.30198523,0.312982401,0.278876523,0.289907237,0.279472193,0.270870217,0.257253444,0.249230695,0.238650345,0.201819285,0.226838815,0.242758807,0.21519825,0.216753898,0.236026934,0.223911209,0.23631434,0.253218982,0.258316671,0.269142469,0.257789715,0.279172272,0.339204512,0.391176188
CO2,LBR,Liberia,0.135396337,0.097071708,0.144532,0.228117915,0.29631067,0.312512598,0.349232825,0.167214165,0.131079418,0.114781558,0.092263448,0.099671461,0.095133481,0.146673531,0.157098979,0.185427133,0.178803437,0.151741013,0.119135397,0.104790554,0.150806101,0.143503812,0.145353601,0.123681757,0.158833176,0.163493155,0.181914239,0.162158655,0.179828424,0.187699713,0.191054804,0.197146711
CO2,LBY,Libya,0.235592966,0.204950072,0.21974694,0.243220586,0.277929208,0.359564509,0.368531065,0.343477225,0.341417592,0.353997011,0.352364825,0.354438538,0.366548992,0.349479591,0.330869622,0.320781333,0.299946561,0.264023822,0.281213626,0.310335068,0.312115066,0.442077894,0.32859999,0.396298193,0.507556247,0.454654146,0.458359302,0.37157731,0.354767442,0.400388729,0.434166862,0.427723846
CO2,LCA,Saint Lucia,0.114811014,0.120785717,0.117995151,0.109557886,0.125797629,0.119206223,0.117003841,0.11184256,0.108410212,0.112075321,0.177823488,0.199086933,0.188260471,0.266445545,0.244204609,0.24417848,0.232750733,0.233778502,0.22414863,0.242846065,0.255966371,0.279674225,0.293514708,0.298500177,0.302759085,0.297446213,0.290822278,0.20463362,0.19481634,0.279282672,0.289530819,0.302422393
CO2,LKA,Sri Lanka,0.063256217,0.063138935,0.075278089,0.068943554,0.075126116,0.071595768,0.097213613,0.091135788,0.089924803,0.095176512,0.10263403,0.103407538,0.104047398,0.106204198,0.104078681,0.107093555,0.089246223,0.091542878,0.082239599,0.076340086,0.074791374,0.08119594,0.081204224,0.067951402,0.078252389,0.086449134,0.088520357,0.090963386,0.082530431,0.089456714,0.089268263,0.083754087
CO2,LSO,Lesotho,0.057520909,0.064211922,0.052835012,0.04934414,0.050885747,0.050658494,0.04935419,0.048794575,0.047075201,0.048092529,0.11635635,0.113269368,0.115925977,0.112078682,0.116656177,0.113277615,0.109239915,0.134826896,0.104148581,0.122673133,0.119987627,0.110132989,0.108795627,0.107138928,0.1079734,0.102775189,0.106699674,0.123817407,0.121579626,0.121510959,0.12124413,0.12379042
CO2,LTU,Lithuania,0.569658527,0.727313523,0.483023285,0.406621289,0.430617576,0.394871064,0.387032358,0.34578426,0.339269666,0.288424746,0.243650999,0.243048678,0.229378994,0.207376829,0.203580567,0.201822299,0.191124753,0.188457232,0.183714258,0.179730323,0.188164252,0.180781736,0.176084399,0.156981565,0.15008933,0.150326318,0.145051596,0.143263855,0.138638512,0.135093588,0.130721584,0.126950887
CO2,LUX,Luxembourg,0.43431486,0.415032888,0.396282166,0.387785546,0.347137108,0.274726817,0.271619677,0.243390681,0.209596585,0.202728336,0.204152603,0.21010324,0.218712965,0.222032865,0.242097345,0.240881295,0.223928733,0.196831123,0.195070503,0.190760284,0.194279931,0.190079639,0.183117519,0.168707188,0.156470416,0.145002714,0.134230903,0.134396467,0.136294986,0.13430102,0.114967764,0.111364584
CO2,LVA,Latvia,0.479545586,0.498008961,0.57945992,0.511135167,0.439097416,0.396880096,0.390389708,0.339627378,0.308612516,0.279221699,0.246111381,0.242207505,0.224966245,0.213732863,0.197724814,0.181058616,0.171508984,0.163247216,0.160913557,0.171083824,0.205415957,0.185844126,0.169050272,0.160913689,0.153731553,0.148691851,0.142291634,0.13699273,0.143330544,0.136155408,0.121488688,0.120855662
CO2,MAC,Macao,0.055873089,0.05358331,0.049329394,0.050278911,0.053968308,0.049857072,0.058838856,0.064532118,0.07501643,0.078823628,0.072925194,0.073720565,0.073066159,0.066807997,0.061441101,0.056313522,0.049186849,0.038115883,0.031987403,0.035629515,0.027342613,0.022494832,0.021089178,0.018822567,0.02160622,0.036375572,0.03602451,0.038651185,0.029048993,0.03160168,0.069345911,0.060091256
CO2,MAR,Morocco,0.235082361,0.22995366,0.251639417,0.260843506,0.255493948,0.28104876,0.247165881,0.26426275,0.252406543,0.262737324,0.263341119,0.270524034,0.271228035,0.254759649,0.267534272,0.275211566,0.26219261,0.256794129,0.257515468,0.246412005,0.252348158,0.259299008,0.261782674,0.250347687,0.24892976,0.244819911,0.242346164,0.244376286,0.243656925,0.258963578,0.257311583,0.262894437
CO2,MDA,Moldova,0.752864937,0.722723515,0.809553559,0.694256441,0.817033619,0.726262528,0.664563072,0.594533434,0.575185709,0.505101244,0.459815311,0.452507893,0.428225241,0.432079083,0.405450015,0.396526331,0.367861821,0.352993741,0.323776851,0.33862885,0.346450063,0.328916376,0.323857723,0.261952685,0.269453645,0.279248956,0.27066614,0.255273739,0.25986362,0.260897579,0.277920471,0.260657423
CO2,MDG,Madagascar,0.037688945,0.049864922,0.04891813,0.048461178,0.051374837,0.052943058,0.054365706,0.057536198,0.050863014,0.048424468,0.076877509,0.073846068,0.062240874,0.076165426,0.080883994,0.076981908,0.07171614,0.071432578,0.070079579,0.064251811,0.078182747,0.094497898,0.120087972,0.130519732,0.120110512,0.120534643,0.119597269,0.117531725,0.108610675,0.122789559,0.122259471,0.125236138
CO2,MDV,Maldives,0.039193101,0.036838072,0.037384561,0.041344155,0.086028533,0.114799436,0.109821794,0.092930619,0.098534948,0.090094185,0.183279811,0.164074648,0.182362863,0.137032928,0.166209159,0.174548162,0.168548715,0.153711527,0.160028916,0.188975963,0.178718849,0.182329573,0.222320274,0.219848078,0.270362458,0.190662684,0.18911995,0.180006973,0.189321833,0.20434343,0.308859859,0.244556782
CO2,MEX,Mexico,0.231926635,0.236148627,0.231005199,0.232391736,0.239132443,0.240654039,0.236405888,0.233650602,0.235951088,0.223147858,0.226617701,0.22628536,0.229840148,0.23792276,0.234227885,0.238036465,0.236228826,0.234411598,0.232453385,0.240366796,0.236178191,0.232500592,0.233182282,0.224273093,0.212365574,0.209313126,0.20699199,0.203685971,0.192720408,0.191810412,0.174016957,0.17318053
CO2,MKD,North Macedonia,0.493523185,0.465404523,0.44304776,0.491691088,0.484988732,0.487382492,0.567369712,0.504094208,0.534913486,0.473321564,0.436857787,0.460185157,0.427293739,0.454119389,0.42286177,0.423838913,0.402268875,0.40569065,0.376811778,0.340250812,0.330685068,0.360557803,0.340065235,0.301872699,0.276719883,0.253341804,0.232247227,0.245108188,0.225452436,0.247606126,0.218926857,0.220813701
CO2,MLI,Mali,0.033600781,0.035705273,0.034866347,0.033086283,0.031965219,0.032545294,0.032841871,0.032085093,0.030926407,0.030045301,0.052250998,0.045932473,0.045648617,0.042705812,0.04366913,0.042470603,0.048051289,0.054873444,0.060340943,0.073007624,0.069269807,0.067407179,0.070642162,0.081054449,0.080709618,0.090911211,0.107317155,0.117023765,0.115158767,0.122512016,0.122480779,0.127458385
CO2,MLT,Malta,0.411757734,0.370475163,0.347300838,0.428475727,0.36300583,0.324124537,0.305743116,0.308743656,0.282114147,0.273247629,0.201473401,0.238045798,0.216420102,0.233333681,0.232782043,0.227823122,0.224861454,0.219429143,0.211595184,0.1969798,0.193079715,0.190218743,0.194334864,0.161391162,0.149088043,0.096682366,0.076912906,0.077551056,0.074625103,0.075103456,0.077433682,0.076065078
CO2,MMR,Myanmar/Burma,0.191632555,0.183434374,0.186148635,0.193047161,0.21676936,0.244893205,0.24152651,0.226809524,0.23307149,0.234833135,0.227604442,0.176966991,0.158985245,0.174985047,0.147681845,0.13735289,0.113183073,0.104824568,0.07258658,0.062421083,0.061823492,0.061063475,0.078520771,0.082388203,0.094730492,0.101808215,0.106712152,0.148627918,0.145183474,0.152254287,0.150223302,0.184771409
CO2,MNG,Mongolia,1.210151722,1.497695534,1.439555998,1.36940946,1.168960714,1.092343776,0.903186921,0.852213475,0.827210423,0.807909571,0.834540439,0.808047504,0.82680972,0.749108153,0.692642394,0.748979899,0.782234997,0.741365106,0.679751501,0.724357642,0.717928479,0.675630001,0.652705743,0.627372107,0.573573686,0.533892789,0.55377134,0.564642305,0.575886206,0.585123371,0.638336633,0.640968788
CO2,MOZ,Mozambique,0.193277257,0.15508862,0.196400463,0.20610811,0.164723705,0.176651644,0.153561504,0.152106245,0.133919415,0.119480458,0.143427068,0.154085482,0.147642058,0.174970382,0.178276548,0.160449694,0.155023643,0.164629352,0.148989731,0.15127649,0.15026071,0.166816209,0.171059494,0.174388879,0.182884034,0.190877731,0.236663579,0.227752726,0.214083834,0.223435519,0.208930654,0.219971217
CO2,MRT,Mauritania,0.083604044,0.101824495,0.275399019,0.259488457,0.276444254,0.262107436,0.246462557,0.262494587,0.260794996,0.25758272,0.106308539,0.114762363,0.122980781,0.119936645,0.126966202,0.121315987,0.111050972,0.125473482,0.141348841,0.139764785,0.137615673,0.132087074,0.140016559,0.122643012,0.135520864,0.130535638,0.120639066,0.167545278,0.16524798,0.165947389,0.166771038,0.175141539
CO2,MTQ,Martinique,,,,,,,,,,,,,,,,,,,,,,,,,,,,,,,,
CO2,MUS,Mauritius,0.140870397,0.144375408,0.143160766,0.150157754,0.148517252,0.145858735,0.144670073,0.137459206,0.142164691,0.169719731,0.173492754,0.177368646,0.178309503,0.176233061,0.170363056,0.17903958,0.190387721,0.185054408,0.179376299,0.171129513,0.175259531,0.167526174,0.165711714,0.164574838,0.164239275,0.158764805,0.155613411,0.155106001,0.147990938,0.145572096,0.15660355,0.161056519
CO2,MWI,Malawi,0.103841477,0.122774183,0.13821208,0.143793119,0.128780063,0.119386523,0.122222351,0.130931616,0.101705116,0.101108013,0.115930282,0.116995734,0.115041198,0.111890322,0.108491628,0.112250726,0.114285383,0.102986896,0.106353951,0.094641768,0.108176477,0.084796762,0.073965616,0.068145131,0.059177988,0.054423351,0.057827596,0.061491433,0.068200766,0.065431507,0.059187207,0.061328708
CO2,MYS,Malaysia,0.309508303,0.338836683,0.326217422,0.323892568,0.31877287,0.312528571,0.324431494,0.324065876,0.346207851,0.357175437,0.358959234,0.376655862,0.380736788,0.382935432,0.386753143,0.390681364,0.385430138,0.396023399,0.401992192,0.36769226,0.372950236,0.356762404,0.342965545,0.353061388,0.352575233,0.336656594,0.316810236,0.290020846,0.296510175,0.29316876,0.299015906,0.284686581
CO2,NAM,Namibia,0.176182235,0.122535656,0.124379747,0.146562278,0.166364341,0.173538632,0.184339092,0.182988551,0.182832959,0.168297626,0.15964062,0.199658649,0.164972233,0.169870635,0.160765797,0.166913765,0.156362785,0.154641034,0.168757763,0.172048179,0.167832708,0.168957645,0.169383308,0.170971464,0.166973003,0.170015538,0.171566809,0.173172237,0.171675714,0.173592234,0.175130368,0.176047335
CO2,NCL,New Caledonia,0.337739401,0.341084391,0.33857706,0.32293848,0.318533695,0.297359507,0.327727645,0.324037397,0.348414942,0.340698923,0.402156982,0.396039873,0.424663938,0.44429611,0.387174964,0.410550298,0.380107799,0.366214162,0.377683784,0.385987539,0.448734804,0.431128243,0.428803107,0.446962925,0.532848032,0.510732935,0.530124196,0.495702089,0.543096975,0.592143298,0.608612967,0.624112559
CO2,NER,Niger,0.06968774,0.066739265,0.06206435,0.07494564,0.061779353,0.058237532,0.067636239,0.067361781,0.065763945,0.064623432,0.066453069,0.062331417,0.06169652,0.065626536,0.068343583,0.061064547,0.058236193,0.061096247,0.059487065,0.072380393,0.084373629,0.083380434,0.105983458,0.099762258,0.101551569,0.095322654,0.09058721,0.078470064,0.07477572,0.080147314,0.076489038,0.082430088
CO2,NGA,Nigeria,0.240908052,0.259790823,0.271994575,0.269849325,0.256104397,0.281784714,0.315696396,0.301582518,0.26608679,0.260427529,0.27460919,0.274009195,0.215082657,0.222888674,0.196761956,0.181229325,0.15408086,0.132309197,0.132861055,0.1085977,0.117257406,0.122619362,0.114213236,0.120494633,0.119951678,0.11021238,0.116535195,0.114379549,0.113374375,0.116530023,0.118731359,0.120923086
CO2,NIC,Nicaragua,0.136618869,0.137608983,0.15920511,0.156832815,0.172380676,0.1730149,0.172339409,0.177474385,0.198830597,0.187425366,0.187449803,0.193023625,0.198135547,0.211571503,0.20617032,0.187593267,0.190731101,0.187845086,0.173988395,0.175660872,0.173780147,0.170645235,0.158855778,0.144182229,0.146280714,0.155373516,0.151835953,0.146526947,0.139223647,0.147519532,0.127689458,0.129500548
CO2,NLD,Netherlands,0.296138911,0.300500111,0.292231597,0.295810808,0.288209305,0.290783968,0.297403091,0.273096583,0.261970557,0.242767817,0.23396607,0.234673419,0.23485002,0.23734867,0.235859481,0.225390811,0.212615756,0.206334228,0.203329135,0.205018754,0.215526658,0.1983105,0.197343751,0.1962435,0.185009101,0.190208405,0.187566332,0.179413239,0.169657166,0.161236667,0.151040052,0.147574447
CO2,NOR,Norway,0.209560784,0.188975278,0.19640968,0.201656489,0.201668141,0.194614751,0.186995303,0.187596745,0.189748782,0.19233253,0.167291307,0.165657877,0.160694754,0.169955725,0.165069105,0.154847261,0.153542105,0.152187965,0.152735429,0.150227673,0.164244414,0.156718639,0.148666496,0.149263097,0.145749076,0.144429073,0.140824145,0.135288999,0.133382803,0.125908936,0.121894279,0.119148372
CO2,NPL,Nepal,0.036005239,0.041522011,0.04183905,0.044524701,0.049979065,0.052549999,0.052917798,0.055624612,0.05725732,0.071376978,0.068975409,0.070356574,0.057399435,0.062668982,0.052035348,0.05628249,0.045111617,0.044960609,0.046800976,0.058957297,0.066033136,0.071498331,0.079059802,0.076786867,0.084227136,0.081714251,0.116792774,0.128098306,0.143588216,0.120429562,0.126142164,0.124367285
CO2,NZL,New Zealand,0.257499059,0.267583089,0.283409068,0.264703271,0.256353484,0.24961421,0.252936846,0.269415837,0.264190937,0.264442097,0.266314478,0.272063468,0.262059521,0.256064271,0.243762947,0.241153591,0.234177352,0.220448149,0.228906268,0.21255444,0.20907418,0.200163818,0.207702373,0.200666359,0.19714421,0.190250901,0.179854471,0.180574181,0.172336294,0.17751263,0.157081043,0.146983765
CO2,OMN,Oman,0.283423012,0.325747935,0.28653981,0.255950704,0.230564176,0.2568,0.263411027,0.256249648,0.243047176,0.272695859,0.288907329,0.310634503,0.335745371,0.364700005,0.355575645,0.360608459,0.437052388,0.452155384,0.410227705,0.407672219,0.437466282,0.493317556,0.511540072,0.509144002,0.533947203,0.537554829,0.53169325,0.52970211,0.543422708,0.555545868,0.568412374,0.615736961
CO2,PAK,Pakistan,0.184938242,0.179302071,0.184413481,0.199993268,0.19862388,0.203866061,0.20229229,0.207952429,0.205820702,0.217073646,0.210387038,0.208089699,0.203955824,0.199457539,0.20723815,0.198024816,0.202588915,0.214998656,0.205247019,0.203213521,0.192596707,0.189604395,0.184531017,0.178636855,0.179780615,0.181344124,0.190217403,0.198215545,0.176345824,0.174545285,0.177806129,0.182422735
CO2,PAN,Panama,0.103362653,0.10903271,0.120095799,0.116444457,0.12029353,0.127047684,0.123008602,0.121386109,0.139346281,0.117396754,0.118458098,0.140721867,0.120109647,0.116817633,0.109184673,0.131240498,0.127379762,0.113448999,0.100244879,0.118310433,0.118241364,0.115672473,0.110108412,0.101156401,0.1010557,0.094329983,0.090155414,0.081257528,0.076743645,0.098530857,0.10174667,0.099016411
CO2,PER,Peru,0.180303555,0.171242312,0.179587666,0.179084211,0.163636891,0.17321372,0.185093957,0.173341632,0.167431464,0.177435809,0.170826974,0.157752121,0.156061421,0.14710283,0.161593709,0.152107616,0.139562404,0.140556145,0.146067638,0.155296169,0.156666232,0.158231951,0.148842111,0.143842024,0.148759136,0.147956927,0.149299961,0.139574784,0.13486208,0.137748235,0.125151906,0.130693308
CO2,PHL,Philippines,0.16999944,0.171494217,0.184943134,0.194852492,0.201557277,0.231391877,0.228598745,0.243067308,0.239499526,0.2260023,0.218191885,0.20448596,0.200510586,0.196439811,0.186571421,0.18502755,0.157764975,0.160118677,0.155389488,0.154608289,0.154893034,0.148804136,0.147211601,0.149975039,0.150395134,0.153311907,0.154798021,0.160473982,0.157684372,0.156329,0.159038453,0.160502715
CO2,PLW,Palau,10.04478489,9.503737141,8.484631372,9.90135061,13.81083241,9.29023118,7.912049732,8.648562654,7.667434019,8.444199617,8.085493892,8.461450398,4.991307554,6.138829536,5.185877869,5.68485785,5.583721307,4.461553118,4.786067441,7.965216639,7.719332187,8.123986499,12.15275035,6.366214234,4.162985976,3.649995556,3.497168736,3.780211791,3.89239691,4.08949013,4.559449014,5.704522362
CO2,PNG,Papua New Guinea,0.189888537,0.173026059,0.158764896,0.132892813,0.127559517,0.134993653,0.130189676,0.14574661,0.190369476,0.149044814,0.188407923,0.224074981,0.25284675,0.274631433,0.286185681,0.287401989,0.276365226,0.241955611,0.243127563,0.232712969,0.173035095,0.183942975,0.166330973,0.163333976,0.17024701,0.171364322,0.176130739,0.160461439,0.168008249,0.167170171,0.175690576,0.178066891
CO2,POL,Poland,0.862767686,0.91971004,0.874133888,0.843279365,0.787721862,0.741272374,0.727631532,0.668033953,0.589161952,0.547165169,0.503680471,0.49246372,0.472243783,0.475107019,0.456013658,0.439722489,0.431689222,0.402444583,0.379637346,0.353929563,0.360824384,0.341982148,0.329759911,0.321693852,0.299181095,0.289867926,0.291155964,0.289424251,0.274307929,0.24761451,0.241009832,0.24707355
CO2,PRI,Puerto Rico,0.011537363,0.011313726,0.010595427,0.010268004,0.010199678,0.009915767,0.009835077,0.009436828,0.008756777,0.009025075,0.014625899,0.018016856,0.017864882,0.019794935,0.017416163,0.017715712,0.018113331,0.018311164,0.019401829,0.017773041,0.019148833,0.01982451,0.030838164,0.035007008,0.035809606,0.035033191,0.038550368,0.010943191,0.011397254,0.011190451,0.011283359,0.01168783
CO2,PRK,North Korea,1.273487546,1.24968193,1.169466761,1.106173411,1.009485489,0.970841253,0.878793182,0.898941197,0.737191166,0.792776201,0.834102054,0.873973305,0.824370056,0.825333523,0.82027436,0.828677676,0.804332721,0.662331189,0.729271542,0.532861031,0.53902849,0.405900511,0.397334159,0.280256465,0.31850213,0.26085924,0.300479372,0.506483276,0.452788261,0.488631396,0.498890294,0.511056134
CO2,PRT,Portugal,0.185445973,0.185214308,0.198513134,0.198199817,0.202711844,0.208110304,0.193647448,0.194090945,0.201063963,0.215666757,0.206406763,0.200248684,0.211702867,0.198263717,0.200218144,0.208775274,0.190378198,0.181275648,0.174408784,0.177649643,0.159149855,0.1567908,0.158171935,0.154920461,0.15429349,0.162067903,0.155576533,0.164166669,0.148103148,0.130853178,0.120258657,0.112049268
CO2,PRY,Paraguay,0.063293418,0.059958272,0.070296066,0.075976395,0.083881619,0.088749168,0.08631744,0.09150402,0.095799788,0.097270538,0.082652923,0.08643144,0.090532539,0.089803824,0.087011629,0.07873556,0.080804722,0.072882564,0.079634327,0.082144679,0.081850113,0.081458822,0.08144707,0.078343483,0.078351592,0.085369055,0.092012508,0.098673262,0.100338854,0.098221628,0.09377842,0.096805647
CO2,PYF,French Polynesia,0.19984669,0.190864617,0.180455762,0.175495214,0.146182497,0.145443394,0.144763696,0.154101542,0.154284115,0.144331479,0.149147558,0.167203393,0.170445228,0.174417699,0.162259874,0.167845068,0.156102648,0.153806836,0.164624315,0.176138708,0.181260114,0.184265216,0.178245239,0.180058744,0.172891519,0.173949379,0.166316593,0.156155017,0.156048237,0.154611766,0.178676276,0.185236829
CO2,QAT,Qatar,0.595550593,0.64283495,0.60773167,0.631978717,0.656241942,0.655663867,0.682122281,0.642390692,0.610297084,0.639562167,0.619867565,0.609358085,0.634582239,0.64676345,0.583624862,0.574452805,0.510225888,0.487065822,0.448003499,0.409941705,0.387415568,0.386173264,0.38840973,0.402279673,0.405073147,0.400516165,0.395803613,0.405166804,0.394596562,0.413136734,0.385502908,0.391605227
CO2,REU,Réunion,,,,,,,,,,,,,,,,,,,,,,,,,,,,,,,,
CO2,ROU,Romania,0.604811691,0.565313998,0.555722262,0.51469556,0.483814537,0.477444658,0.472220244,0.455666772,0.407566591,0.347359508,0.357133129,0.363379007,0.340060149,0.345372262,0.30650084,0.289212158,0.282304256,0.256985129,0.231191533,0.199611016,0.201165548,0.212573968,0.203013602,0.178317096,0.171506148,0.16865904,0.157530257,0.152340034,0.147805122,0.139047312,0.131195721,0.133516277
CO2,RUS,Russia,0.753634168,0.782105357,0.845348899,0.843795086,0.866993353,0.882498716,0.893922346,0.822771541,0.870721125,0.842352665,0.78337567,0.748786979,0.710561021,0.688297218,0.641593684,0.603168594,0.569128068,0.525432285,0.49533117,0.505388391,0.506501156,0.509893574,0.485298606,0.462506437,0.454426676,0.464186283,0.456729725,0.456365072,0.462940898,0.470427063,0.461789077,0.476077164
CO2,RWA,Rwanda,0.085475199,0.105712012,0.088199871,0.086550687,0.171750646,0.132621007,0.121941576,0.10999394,0.105505207,0.104362054,0.0942689,0.08787896,0.08063903,0.07819032,0.0729486,0.067275295,0.062914457,0.058454944,0.052483733,0.051118422,0.05246576,0.049109943,0.048847334,0.049438328,0.046645916,0.046947196,0.047245666,0.047519324,0.046447128,0.046281418,0.04293029,0.040999758
CO2,SAU,Saudi Arabia,0.258169997,0.22997309,0.23736606,0.253223791,0.273419617,0.27093858,0.280372344,0.280544916,0.28974896,0.307193276,0.305841256,0.32191958,0.352874007,0.332945451,0.32709949,0.328194718,0.338073637,0.351062699,0.358269058,0.386312949,0.403302841,0.383354682,0.385196904,0.38054636,0.393120589,0.394042736,0.386721021,0.382263231,0.357406152,0.358522737,0.372360523,0.36787479
CO2,SCG,Serbia and Montenegro,0.833496985,0.789697238,0.744909724,0.627994809,0.564793102,0.793611294,0.873020665,0.796694622,0.768728727,0.603591478,0.683180853,0.690730453,0.69445124,0.709087595,0.70186995,0.615337314,0.607179243,0.556166171,0.473067654,0.454150759,0.463888433,0.485369568,0.435309557,0.428058891,0.366620133,0.415290274,0.41137224,0.397935452,0.374443828,0.360095655,0.368918146,0.232947399
CO2,SDN,Sudan and South Sudan,0.171937056,0.138049597,0.119976931,0.080445392,0.114096901,0.098674456,0.090192056,0.096766987,0.082546321,0.087108309,0.088059457,0.088186236,0.099510833,0.092990141,0.097254717,0.103917557,0.111771807,0.105744674,0.102797385,0.102442783,0.107787454,0.097670335,0.095965461,0.085897898,0.086954596,0.096486773,0.1044756,0.097051869,0.096645318,0.096304987,0.081206554,0.123934854
CO2,SEA,International Shipping,,,,,,,,,,,,,,,,,,,,,,,,,,,,,,,,
CO2,SEN,Senegal,0.12905283,0.126411446,0.137012966,0.13208913,0.134981408,0.135207133,0.142820182,0.152325278,0.161227521,0.167232848,0.158792939,0.171994704,0.178388918,0.163935661,0.178303975,0.189652247,0.181073645,0.194667793,0.19473755,0.193840626,0.198779258,0.21001977,0.198607381,0.205732729,0.207294613,0.214132947,0.22497555,0.202579896,0.197800732,0.206964935,0.200379299,0.203095972
CO2,SGP,Singapore,0.27841186,0.275160346,0.264622543,0.273588147,0.259451093,0.240242181,0.229705109,0.210765666,0.208577923,0.198913556,0.202258204,0.20610662,0.195433694,0.175581233,0.167660085,0.146358865,0.135029763,0.128293012,0.124703026,0.126969204,0.123722119,0.122330018,0.11441833,0.114515985,0.112786625,0.11218589,0.106223492,0.11010364,0.102296834,0.101388843,0.103840094,0.100615806
CO2,SHN,"Saint Helena, Ascension and Tristan da Cunha",,,,,,,,,,,,,,,,,,,,,,,,,,,,,,,,
CO2,SLB,Solomon Islands,0.222054978,0.211717291,0.189671871,0.178707547,0.17380303,0.151659457,0.152943044,0.163647195,0.167366281,0.163552956,0.279002213,0.323406236,0.343114811,0.332691707,0.323006451,0.314343711,0.299898727,0.290276031,0.29108611,0.301088405,0.286955127,0.283471213,0.275369211,0.26075901,0.240225977,0.211905617,0.187903671,0.177053194,0.177418046,0.177246779,0.186182701,0.193244563
CO2,SLE,Sierra Leone,0.122578931,0.151245158,0.120137577,0.115678152,0.122196534,0.143999226,0.155982672,0.167429494,0.171900111,0.179752774,0.101936558,0.134340972,0.109650428,0.106057128,0.100466225,0.089423237,0.106197991,0.091903858,0.084586653,0.082184002,0.085273749,0.091307209,0.088129404,0.083473126,0.085291279,0.090088347,0.086079629,0.083915273,0.079961877,0.071637129,0.072270075,0.074958537
CO2,SLV,El Salvador,0.094876208,0.11868491,0.124630601,0.127680406,0.141591811,0.147491954,0.130884418,0.154614013,0.157651683,0.153636875,0.150528304,0.155864616,0.155058175,0.165073443,0.170001831,0.169338863,0.173646007,0.178961324,0.159861342,0.158481863,0.153456591,0.154223053,0.15194579,0.145869213,0.144750889,0.147497011,0.147121127,0.129969871,0.135771436,0.151152852,0.142254631,0.142523791
CO2,SOM,Somalia,0.058656772,0.042561703,0.039547416,0.040541126,0.051260812,0.052657127,0.052146863,0.054949162,0.054632886,0.054353866,0.071685818,0.071486416,0.075197679,0.073592009,0.071829923,0.071079452,0.07099163,0.069754011,0.065757313,0.06454656,0.064502132,0.058038944,0.055371069,0.067077216,0.061262165,0.055873447,0.051235693,0.051181505,0.047436609,0.044423585,0.038210894,0.039372067
CO2,SPM,Saint Pierre and Miquelon,,,,,,,,,,,,,,,,,,,,,,,,,,,,,,,,
CO2,STP,São Tomé and Príncipe,0.193871335,0.256469816,0.216086843,0.234990122,0.28431385,0.289929218,0.293316548,0.278963873,0.233117557,0.253443634,0.215181062,0.164574761,0.1812138,0.191442482,0.212700766,0.215150973,0.207986299,0.206017259,0.203734745,0.215893579,0.220305633,0.200207492,0.200900251,0.191555087,0.176508171,0.179137547,0.176461184,0.177020876,0.168228368,0.18195228,0.160930588,0.169770381
CO2,SUR,Suriname,0.288527294,0.274308765,0.270715695,0.281378363,0.264735054,0.264162296,0.25781877,0.240268424,0.23421428,0.243939499,0.240956736,0.237517334,0.170014727,0.177018696,0.183820752,0.212928646,0.182547081,0.160279798,0.158816922,0.153312121,0.175559565,0.185405796,0.225644785,0.205186645,0.234422602,0.252370305,0.288310197,0.239850391,0.202080701,0.239935261,0.268548353,0.301345479
CO2,SVK,Slovakia,0.747631027,0.758533909,0.789897726,0.746600621,0.668324564,0.63322683,0.598965412,0.564636684,0.52911688,0.520566726,0.487031876,0.481910012,0.457618772,0.436290682,0.411916292,0.39082312,0.355009218,0.315438285,0.298818846,0.286734287,0.289882529,0.268099256,0.252662889,0.253315021,0.229937722,0.221637981,0.223636489,0.230515892,0.218317289,0.199977939,0.198818992,0.218453378
CO2,SVN,Slovenia,0.372259167,0.377840762,0.399444761,0.399594627,0.382475933,0.373554529,0.379763336,0.367917861,0.350091094,0.319185083,0.300418743,0.325839988,0.320278779,0.308680103,0.301571135,0.294513095,0.283615484,0.26464737,0.268577659,0.261313685,0.261855077,0.244200709,0.242305517,0.245344362,0.218722237,0.216027825,0.219466703,0.213812114,0.204480812,0.191955743,0.184520803,0.168264391
CO2,SWE,Sweden,0.198708879,0.202435934,0.213952913,0.217611393,0.217430681,0.208470795,0.223107032,0.198268164,0.193396986,0.181745316,0.16327014,0.161263295,0.161715495,0.160213567,0.149680194,0.137638807,0.132622218,0.123111498,0.121586864,0.116593101,0.123669411,0.110839622,0.106426233,0.101409106,0.095847636,0.09249398,0.089797576,0.086793889,0.080664675,0.077705706,0.073908523,0.070438711
CO2,SWZ,Eswatini,0.326354682,0.331148564,0.297028064,0.239792964,0.385811162,0.357626082,0.336175302,0.380996509,0.472922236,0.472434537,0.506260525,0.50977564,0.489552802,0.450655542,0.42399912,0.443806266,0.440785623,0.465678899,0.461206097,0.436828736,0.373820054,0.240243969,0.185266448,0.125497203,0.120227253,0.123970791,0.132157356,0.140443957,0.159214385,0.159987287,0.148429892,0.144020415
CO2,SYC,Seychelles,0.309662267,0.409307936,0.333152355,0.315150479,0.317529977,0.341180922,0.334689617,0.325461228,0.30584711,0.308226568,0.546555401,0.601715909,0.525294801,0.559522806,0.814629042,0.680635377,0.669901151,0.498892638,0.54143547,0.600871739,0.514773537,0.37466587,0.41630135,0.353435273,0.388124406,0.385837339,0.397947417,0.410305785,0.350525236,0.345819762,0.380907461,0.38837344
CO2,SYR,Syria,2.045809065,1.955660544,1.675250236,1.567587162,1.530078327,1.478060427,1.516364546,1.502669408,1.496756845,1.494671438,1.449832047,1.373247643,1.271888246,1.277615784,1.214245581,1.358212309,1.32628256,1.286003928,1.241643395,1.090033793,1.053596638,1.136208015,0.906719586,0.548234855,0.466578989,0.526292384,0.638658353,0.742754779,0.694047001,0.630644245,0.526865847,0.548271035
CO2,TCA,Turks and Caicos Islands,0.075209021,0.072318139,0.069264933,0.057973462,0.050473916,0.045301639,0.041660847,0.036822288,0.064287491,0.066425759,0.209911112,0.203083484,0.306352707,0.510208358,0.449156829,0.415147122,0.390134929,0.3945399,0.370588421,0.48291602,0.497634684,0.527396003,0.551226318,0.5159271,0.519260064,0.45356943,0.439479762,0.248115722,0.250216736,0.241760889,0.272881386,0.297531336
CO2,TCD,Chad,0.048510923,0.051989093,0.043027342,0.027120673,0.027333926,0.027930284,0.028417654,0.028350796,0.027351544,0.028149833,0.038316248,0.033754282,0.032845312,0.04105792,0.034282155,0.03095241,0.03180988,0.034923012,0.029273367,0.028792498,0.026480312,0.032901343,0.052832971,0.054280331,0.053870179,0.059635086,0.06466477,0.089311305,0.090757887,0.088481525,0.082299366,0.090414543
CO2,TGO,Togo,0.113490953,0.105927018,0.084668018,0.077351346,0.120907353,0.110702555,0.155086366,0.10242116,0.128740823,0.162221171,0.151262507,0.135327067,0.138537088,0.155348599,0.150486943,0.150479252,0.136777944,0.137793384,0.172296836,0.27726193,0.243361007,0.209978555,0.188214369,0.152582875,0.131422876,0.110843569,0.141999519,0.118375334,0.125105808,0.123538534,0.121560691,0.122827169
CO2,THA,Thailand,0.234009954,0.237867201,0.241033783,0.252233576,0.261415153,0.273890452,0.291486702,0.305742709,0.292355614,0.292526773,0.28271348,0.286806197,0.287156378,0.278624623,0.285586962,0.284047554,0.274838965,0.266273644,0.263115232,0.257183374,0.25372958,0.251871073,0.252089321,0.25580058,0.250260003,0.249309713,0.237599895,0.226677954,0.215171343,0.219220395,0.22075693,0.220391601
CO2,TJK,Tajikistan,0.567522328,0.582913627,0.603425198,0.489069721,0.386029638,0.37604275,0.400881117,0.433865736,0.445169776,0.404028117,0.347840762,0.312214321,0.283601397,0.261218163,0.281117431,0.251168808,0.256241175,0.274859727,0.238909936,0.184273107,0.174172367,0.16298488,0.172629732,0.165201503,0.203602305,0.205137684,0.237307406,0.262065304,0.283987913,0.290123878,0.264268017,0.266069462
CO2,TKM,Turkmenistan,1.718630212,1.52893458,1.325872038,1.241884633,1.894114695,2.067955259,1.764776059,1.979147809,1.922604749,1.949921304,1.886102202,1.852034648,1.979978587,2.136189091,2.168460228,1.980425961,1.850532262,1.842323328,1.636721849,1.360372375,1.40580975,1.3291559,1.27227104,1.176386342,1.081294983,1.049673219,0.98823407,0.925208124,0.869137457,0.817864228,0.777357024,0.853596756
CO2,TLS,Timor-Leste,0.001280388,0.00119668,0.001126678,0.001059171,0.000985026,0.000902087,0.00079809,0.000737066,0.022801177,0.089254881,0.110919353,0.051956161,0.047397731,0.123595297,0.236362858,0.152518326,0.154503448,0.124239102,0.113408146,0.116937366,0.102557167,0.108706652,0.175564737,0.200475262,0.184746589,0.167919237,0.15053712,0.157325469,0.154527603,0.121591394,0.108358126,0.104843814
CO2,TON,Tonga,0.245447038,0.238065424,0.229311296,0.216308748,0.293658628,0.238354619,0.270138269,0.296734226,0.3049896,0.285413198,0.220816479,0.196584956,0.203642608,0.237603336,0.218080304,0.232466759,0.254844245,0.204181611,0.220972026,0.262281684,0.237894158,0.216029528,0.20922427,0.198953056,0.210081694,0.212561292,0.204862116,0.235909066,0.205170239,0.243295335,0.242962103,0.253723457
CO2,TTO,Trinidad and Tobago,0.993966793,0.981772412,0.918126751,0.877136891,0.914747703,0.873700668,0.89062941,0.848396086,0.889598767,0.855986308,0.843216874,0.920676156,0.920668105,0.923540339,0.919235916,1.040337714,1.014185903,0.983620631,0.929536664,0.941652852,1.000955913,1.013350446,0.918540885,0.879565499,0.883779615,0.859632235,0.82258226,0.857421454,0.842768733,0.870566953,0.838259689,0.844780167
CO2,TUN,Tunisia,0.308690133,0.306067626,0.301822055,0.306918686,0.299689521,0.299322079,0.287961179,0.281888286,0.280745931,0.278093331,0.279176391,0.279919745,0.273048074,0.258102718,0.25681536,0.255070222,0.25043244,0.242683306,0.238010739,0.23065913,0.245626234,0.238240357,0.245764571,0.239450752,0.246130382,0.247617538,0.237177831,0.23434876,0.228295268,0.22525599,0.226377991,0.252326501
CO2,TUR,Turkey,0.220891611,0.223004416,0.221739948,0.212969421,0.22206782,0.223896432,0.22713464,0.221831233,0.218202008,0.223814973,0.232252253,0.224566705,0.221245921,0.220539625,0.206511771,0.197478262,0.205674362,0.214914398,0.212512593,0.224963414,0.214711674,0.205720228,0.202898515,0.181804953,0.184481296,0.179992487,0.185525311,0.192064444,0.185220408,0.177242652,0.173932976,0.169211871
CO2,TWN,Taiwan,0.38866008,0.386152215,0.378253429,0.378464191,0.372377343,0.369666514,0.366163272,0.371022499,0.37503121,0.365474084,0.374744621,0.391142213,0.382084323,0.383235959,0.373883558,0.365500634,0.355388875,0.339516543,0.322082968,0.311667622,0.300062116,0.295130636,0.284085849,0.283650302,0.277743532,0.273912711,0.274461962,0.271250346,0.261734437,0.246509273,0.23245978,0.241102317
CO2,TZA,Tanzania,0.061950025,0.064307519,0.059310282,0.061516632,0.060033193,0.0793314,0.089392011,0.081046041,0.068190937,0.060829257,0.067688245,0.067542858,0.071865965,0.071255213,0.08884795,0.09291568,0.091628159,0.083490647,0.081151032,0.074619816,0.08206251,0.089363442,0.102818562,0.105583307,0.097279055,0.100203609,0.091510964,0.090416951,0.087185919,0.089983148,0.081855608,0.084152438
CO2,UGA,Uganda,0.044730133,0.054097333,0.048791472,0.045649691,0.043960629,0.040831788,0.04093054,0.040985286,0.046326714,0.044407083,0.054021382,0.053564872,0.051216048,0.050814587,0.050669645,0.058271659,0.061161826,0.06737495,0.064115546,0.064386618,0.07025293,0.064565576,0.0602497,0.061215589,0.067239964,0.065588749,0.065865257,0.071502351,0.070453674,0.073739488,0.06499614,0.066268175
CO2,UKR,Ukraine,0.919066223,0.948485829,0.92416182,0.939889479,1.00879378,1.132507821,1.073557847,1.063920581,1.035209881,1.03551486,0.969085391,0.888770687,0.845320081,0.841571283,0.705970703,0.66240235,0.617277301,0.582826282,0.546749434,0.534208995,0.550582352,0.551305952,0.536800939,0.519759613,0.495632649,0.458902991,0.448385636,0.394231831,0.407154023,0.370856679,0.366273057,0.346270942
CO2,URY,Uruguay,0.114460122,0.125097326,0.127312175,0.11774843,0.103046249,0.114264829,0.126086334,0.118167164,0.117509555,0.1402065,0.115150845,0.108280067,0.107712049,0.106594235,0.1269123,0.113953663,0.127719049,0.111416962,0.136702346,0.130005879,0.098995122,0.113257096,0.124369236,0.102065134,0.086706214,0.088597472,0.085581861,0.078692494,0.084067261,0.083736008,0.084010107,0.086917843
CO2,USA,United States,0.501857387,0.498284105,0.489074859,0.487003478,0.475641766,0.467753505,0.46315825,0.465626686,0.4491452,0.429435124,0.424162635,0.416833728,0.398458398,0.392161427,0.382903807,0.370627331,0.35421712,0.352505363,0.34089748,0.32435885,0.330450566,0.312702006,0.293263422,0.295541288,0.289967049,0.276436176,0.266510811,0.256967614,0.257703526,0.244359494,0.225358619,0.227021566
CO2,UZB,Uzbekistan,1.688381715,1.702041261,1.789405998,1.829371604,1.842602588,1.682853773,1.676836094,1.622902489,1.764559692,1.705474432,1.738509678,1.684637162,1.67072034,1.509238322,1.44017334,1.27878092,1.273169037,1.129760923,1.083884382,0.910754212,0.921666858,0.8748896,0.725417365,0.667225321,0.585184451,0.518984253,0.519726787,0.517348383,0.504720383,0.497525875,0.485879848,0.465276175
CO2,VCT,Saint Vincent and the Grenadines,0.105445928,0.104849925,0.124722214,0.093124746,0.16646428,0.165030657,0.147628541,0.158561039,0.176095685,0.182402023,0.177299915,0.19943077,0.227557723,0.332404818,0.328751336,0.317375,0.305567945,0.300323739,0.295761006,0.376723328,0.338858534,0.367874793,0.424758727,0.352502447,0.377676138,0.354396372,0.345748921,0.213776734,0.198860227,0.169945024,0.148458881,0.163957062
CO2,VEN,Venezuela,0.335159978,0.301349973,0.290910845,0.308822685,0.317175248,0.330630488,0.353733374,0.347495762,0.351070654,0.362590227,0.36595386,0.367358339,0.416501093,0.436873416,0.386838782,0.365284986,0.330262171,0.298322349,0.299177501,0.311428532,0.338146911,0.31745971,0.339497658,0.333539774,0.344079521,0.313705525,0.293642463,0.266883953,0.247264161,0.212317128,0.178720644,0.186778356
CO2,VGB,British Virgin Islands,0.242125333,0.171243969,0.167788912,0.124140045,0.084401101,0.067727451,0.081896021,0.060677719,0.089991002,0.097572316,0.131726548,0.108815288,0.132005675,0.2812523,0.351076224,0.286300629,0.26411223,0.313580678,0.33814082,0.367384114,0.444232211,0.386713849,0.53057664,0.409894007,0.399146498,0.400563284,0.398968847,0.178852724,0.229381103,0.176465119,0.155868933,0.167547828
CO2,VNM,Vietnam,0.146098296,0.138844826,0.13380615,0.145125833,0.156784848,0.164568954,0.169444736,0.180798708,0.191224235,0.187056329,0.193828848,0.200542951,0.222007186,0.220610983,0.24282412,0.246730911,0.236886336,0.24446506,0.255684023,0.270521475,0.283670301,0.267184705,0.252441916,0.250818033,0.258792988,0.296527168,0.284676912,0.27173156,0.309954712,0.341159591,0.319997633,0.311336835
CO2,VUT,Vanuatu,0.24312935,0.214513973,0.109583838,0.106653765,0.102771176,0.097812946,0.097941272,0.09890904,0.101227467,0.098135274,0.164693593,0.192638628,0.197021712,0.218805319,0.16567821,0.158121352,0.131263802,0.193046476,0.18799992,0.216978363,0.217874619,0.249425045,0.201892666,0.194076857,0.212723317,0.193126074,0.185724027,0.192494086,0.238925847,0.229011537,0.243338641,0.25091176
CO2,WSM,Samoa,0.193260227,0.199792833,0.179813012,0.189869332,0.204912025,0.184156232,0.176083715,0.185551515,0.18809928,0.178690779,0.258930356,0.253347113,0.243799227,0.237950474,0.228079474,0.217755645,0.213396376,0.216383222,0.224258758,0.243867491,0.238771238,0.237861364,0.246387377,0.242739506,0.243355325,0.268127573,0.258082108,0.251242356,0.247255204,0.264577569,0.273010631,0.307974958
CO2,YEM,Yemen,0.165609226,0.195157249,0.194464988,0.169029152,0.182827991,0.192597775,0.18842956,0.19268295,0.19360423,0.210269112,0.211577272,0.216941167,0.209293939,0.234406282,0.235879425,0.240743235,0.243173285,0.24949592,0.249924043,0.263402069,0.233086484,0.233154219,0.214512923,0.272799333,0.260993404,0.129725129,0.100123079,0.09447037,0.089784283,0.10324601,0.094312309,0.097881421
CO2,ZAF,South Africa,0.756907068,0.74489821,0.744869186,0.740272003,0.733755612,0.74996008,0.744051825,0.757512209,0.767120501,0.713924704,0.698558996,0.699394394,0.699760207,0.722587172,0.745523729,0.725841615,0.694231116,0.687109512,0.706548733,0.67233072,0.663325204,0.616570753,0.623981912,0.62427503,0.630074502,0.591291862,0.587216099,0.593277208,0.582578304,0.586078023,0.569514651,0.552615292
CO2,ZMB,Zambia,0.171359639,0.178278546,0.180053814,0.150191143,0.140581162,0.135329781,0.107216204,0.133933735,0.122955386,0.096481061,0.094383953,0.090418613,0.090789778,0.091492915,0.088050524,0.087810358,0.078886567,0.066791399,0.066503713,0.068181828,0.067658006,0.071969886,0.090119415,0.089875295,0.094024306,0.097190664,0.101910264,0.123706534,0.135314537,0.114296146,0.109831443,0.112333278
CO2,ZWE,Zimbabwe,0.395967855,0.413122898,0.456798312,0.414472238,0.357301936,0.349903306,0.305460095,0.279277491,0.275335413,0.312678864,0.280710227,0.280085692,0.278398922,0.274463704,0.276982784,0.323779844,0.311414307,0.317697721,0.298518428,0.267347076,0.278921109,0.288085341,0.25849535,0.259519152,0.251318089,0.251386688,0.219208122,0.195057243,0.22474391,0.227377872,0.229595674,0.233016281
,,,,,,,,,,,,,,,,,,,,,,,,,,,,,,,,,,
CO2,EU27,EU27,0.315017158,0.30819936,0.294691573,0.290932623,0.282436851,0.279205625,0.28093425,0.268950437,0.260507517,0.248886809,0.240833882,0.239128336,0.235414885,0.238957016,0.232853423,0.226757826,0.219728877,0.210515324,0.203880595,0.196543307,0.198755591,0.189816944,0.18736313,0.182809789,0.17177874,0.170987997,0.167943847,0.164366268,0.157468602,0.147167082,0.139526444,0.14102733
CO2,GLOBAL TOTAL,GLOBAL TOTAL,0.437919099,0.435514575,0.427754882,0.423021941,0.415688792,0.414710209,0.407294934,0.399398327,0.392178861,0.381919209,0.376949436,0.373028863,0.368653748,0.372489516,0.370685163,0.367393334,0.36131271,0.356581165,0.349036589,0.34718459,0.35069437,0.348276667,0.341893904,0.335704903,0.326859733,0.31545313,0.306403118,0.300401432,0.296722404,0.289453954,0.282739601,0.281479539